<?xml version="1.0" encoding="UTF-8"?>
<data>
<!--5BFBAFB6F9F511DDA99F8FD752896703--><AD_FIELD>
<!--5BFBAFB6F9F511DDA99F8FD752896703-->  <AD_FIELD_ID><![CDATA[5BFBAFB6F9F511DDA99F8FD752896703]]></AD_FIELD_ID>
<!--5BFBAFB6F9F511DDA99F8FD752896703-->  <AD_CLIENT_ID><![CDATA[0]]></AD_CLIENT_ID>
<!--5BFBAFB6F9F511DDA99F8FD752896703-->  <AD_ORG_ID><![CDATA[0]]></AD_ORG_ID>
<!--5BFBAFB6F9F511DDA99F8FD752896703-->  <ISACTIVE><![CDATA[Y]]></ISACTIVE>
<!--5BFBAFB6F9F511DDA99F8FD752896703-->  <NAME><![CDATA[M_AttributeInstance_ID]]></NAME>
<!--5BFBAFB6F9F511DDA99F8FD752896703-->  <ISCENTRALLYMAINTAINED><![CDATA[Y]]></ISCENTRALLYMAINTAINED>
<!--5BFBAFB6F9F511DDA99F8FD752896703-->  <AD_TAB_ID><![CDATA[DC4DED9EC3CD4533921CD0C309079712]]></AD_TAB_ID>
<!--5BFBAFB6F9F511DDA99F8FD752896703-->  <AD_COLUMN_ID><![CDATA[521F8231190E6C29E040007F01001B31]]></AD_COLUMN_ID>
<!--5BFBAFB6F9F511DDA99F8FD752896703-->  <ISDISPLAYED><![CDATA[N]]></ISDISPLAYED>
<!--5BFBAFB6F9F511DDA99F8FD752896703-->  <DISPLAYLENGTH><![CDATA[32]]></DISPLAYLENGTH>
<!--5BFBAFB6F9F511DDA99F8FD752896703-->  <ISREADONLY><![CDATA[N]]></ISREADONLY>
<!--5BFBAFB6F9F511DDA99F8FD752896703-->  <SEQNO><![CDATA[0]]></SEQNO>
<!--5BFBAFB6F9F511DDA99F8FD752896703-->  <ISSAMELINE><![CDATA[N]]></ISSAMELINE>
<!--5BFBAFB6F9F511DDA99F8FD752896703-->  <ISFIELDONLY><![CDATA[N]]></ISFIELDONLY>
<!--5BFBAFB6F9F511DDA99F8FD752896703-->  <ISENCRYPTED><![CDATA[N]]></ISENCRYPTED>
<!--5BFBAFB6F9F511DDA99F8FD752896703-->  <SHOWINRELATION><![CDATA[N]]></SHOWINRELATION>
<!--5BFBAFB6F9F511DDA99F8FD752896703-->  <ISFIRSTFOCUSEDFIELD><![CDATA[N]]></ISFIRSTFOCUSEDFIELD>
<!--5BFBAFB6F9F511DDA99F8FD752896703-->  <AD_MODULE_ID><![CDATA[0882170B58C54D38879E252CCC56D053]]></AD_MODULE_ID>
<!--5BFBAFB6F9F511DDA99F8FD752896703--></AD_FIELD>

<!--5C013BACF9F511DD972F73B28FFAAAE3--><AD_FIELD>
<!--5C013BACF9F511DD972F73B28FFAAAE3-->  <AD_FIELD_ID><![CDATA[5C013BACF9F511DD972F73B28FFAAAE3]]></AD_FIELD_ID>
<!--5C013BACF9F511DD972F73B28FFAAAE3-->  <AD_CLIENT_ID><![CDATA[0]]></AD_CLIENT_ID>
<!--5C013BACF9F511DD972F73B28FFAAAE3-->  <AD_ORG_ID><![CDATA[0]]></AD_ORG_ID>
<!--5C013BACF9F511DD972F73B28FFAAAE3-->  <ISACTIVE><![CDATA[Y]]></ISACTIVE>
<!--5C013BACF9F511DD972F73B28FFAAAE3-->  <NAME><![CDATA[Attribute]]></NAME>
<!--5C013BACF9F511DD972F73B28FFAAAE3-->  <DESCRIPTION><![CDATA[A defined characteristic of a specific product.]]></DESCRIPTION>
<!--5C013BACF9F511DD972F73B28FFAAAE3-->  <ISCENTRALLYMAINTAINED><![CDATA[Y]]></ISCENTRALLYMAINTAINED>
<!--5C013BACF9F511DD972F73B28FFAAAE3-->  <AD_TAB_ID><![CDATA[DC4DED9EC3CD4533921CD0C309079712]]></AD_TAB_ID>
<!--5C013BACF9F511DD972F73B28FFAAAE3-->  <AD_COLUMN_ID><![CDATA[8506]]></AD_COLUMN_ID>
<!--5C013BACF9F511DD972F73B28FFAAAE3-->  <ISDISPLAYED><![CDATA[Y]]></ISDISPLAYED>
<!--5C013BACF9F511DD972F73B28FFAAAE3-->  <DISPLAYLENGTH><![CDATA[22]]></DISPLAYLENGTH>
<!--5C013BACF9F511DD972F73B28FFAAAE3-->  <ISREADONLY><![CDATA[N]]></ISREADONLY>
<!--5C013BACF9F511DD972F73B28FFAAAE3-->  <SEQNO><![CDATA[0]]></SEQNO>
<!--5C013BACF9F511DD972F73B28FFAAAE3-->  <ISSAMELINE><![CDATA[N]]></ISSAMELINE>
<!--5C013BACF9F511DD972F73B28FFAAAE3-->  <ISFIELDONLY><![CDATA[N]]></ISFIELDONLY>
<!--5C013BACF9F511DD972F73B28FFAAAE3-->  <ISENCRYPTED><![CDATA[N]]></ISENCRYPTED>
<!--5C013BACF9F511DD972F73B28FFAAAE3-->  <SHOWINRELATION><![CDATA[Y]]></SHOWINRELATION>
<!--5C013BACF9F511DD972F73B28FFAAAE3-->  <ISFIRSTFOCUSEDFIELD><![CDATA[N]]></ISFIRSTFOCUSEDFIELD>
<!--5C013BACF9F511DD972F73B28FFAAAE3-->  <AD_MODULE_ID><![CDATA[0882170B58C54D38879E252CCC56D053]]></AD_MODULE_ID>
<!--5C013BACF9F511DD972F73B28FFAAAE3--></AD_FIELD>

<!--5C016BEAF9F511DDB65F37E92D908BCC--><AD_FIELD>
<!--5C016BEAF9F511DDB65F37E92D908BCC-->  <AD_FIELD_ID><![CDATA[5C016BEAF9F511DDB65F37E92D908BCC]]></AD_FIELD_ID>
<!--5C016BEAF9F511DDB65F37E92D908BCC-->  <AD_CLIENT_ID><![CDATA[0]]></AD_CLIENT_ID>
<!--5C016BEAF9F511DDB65F37E92D908BCC-->  <AD_ORG_ID><![CDATA[0]]></AD_ORG_ID>
<!--5C016BEAF9F511DDB65F37E92D908BCC-->  <ISACTIVE><![CDATA[Y]]></ISACTIVE>
<!--5C016BEAF9F511DDB65F37E92D908BCC-->  <NAME><![CDATA[Active]]></NAME>
<!--5C016BEAF9F511DDB65F37E92D908BCC-->  <DESCRIPTION><![CDATA[A flag indicating whether this record is available for use or de-activated.]]></DESCRIPTION>
<!--5C016BEAF9F511DDB65F37E92D908BCC-->  <ISCENTRALLYMAINTAINED><![CDATA[Y]]></ISCENTRALLYMAINTAINED>
<!--5C016BEAF9F511DDB65F37E92D908BCC-->  <AD_TAB_ID><![CDATA[DC4DED9EC3CD4533921CD0C309079712]]></AD_TAB_ID>
<!--5C016BEAF9F511DDB65F37E92D908BCC-->  <AD_COLUMN_ID><![CDATA[8505]]></AD_COLUMN_ID>
<!--5C016BEAF9F511DDB65F37E92D908BCC-->  <ISDISPLAYED><![CDATA[Y]]></ISDISPLAYED>
<!--5C016BEAF9F511DDB65F37E92D908BCC-->  <DISPLAYLENGTH><![CDATA[1]]></DISPLAYLENGTH>
<!--5C016BEAF9F511DDB65F37E92D908BCC-->  <ISREADONLY><![CDATA[N]]></ISREADONLY>
<!--5C016BEAF9F511DDB65F37E92D908BCC-->  <SEQNO><![CDATA[0]]></SEQNO>
<!--5C016BEAF9F511DDB65F37E92D908BCC-->  <ISSAMELINE><![CDATA[N]]></ISSAMELINE>
<!--5C016BEAF9F511DDB65F37E92D908BCC-->  <ISFIELDONLY><![CDATA[N]]></ISFIELDONLY>
<!--5C016BEAF9F511DDB65F37E92D908BCC-->  <ISENCRYPTED><![CDATA[N]]></ISENCRYPTED>
<!--5C016BEAF9F511DDB65F37E92D908BCC-->  <SHOWINRELATION><![CDATA[Y]]></SHOWINRELATION>
<!--5C016BEAF9F511DDB65F37E92D908BCC-->  <ISFIRSTFOCUSEDFIELD><![CDATA[N]]></ISFIRSTFOCUSEDFIELD>
<!--5C016BEAF9F511DDB65F37E92D908BCC-->  <AD_MODULE_ID><![CDATA[0882170B58C54D38879E252CCC56D053]]></AD_MODULE_ID>
<!--5C016BEAF9F511DDB65F37E92D908BCC--></AD_FIELD>

<!--5C01925AF9F511DDA910DF42D21F1F40--><AD_FIELD>
<!--5C01925AF9F511DDA910DF42D21F1F40-->  <AD_FIELD_ID><![CDATA[5C01925AF9F511DDA910DF42D21F1F40]]></AD_FIELD_ID>
<!--5C01925AF9F511DDA910DF42D21F1F40-->  <AD_CLIENT_ID><![CDATA[0]]></AD_CLIENT_ID>
<!--5C01925AF9F511DDA910DF42D21F1F40-->  <AD_ORG_ID><![CDATA[0]]></AD_ORG_ID>
<!--5C01925AF9F511DDA910DF42D21F1F40-->  <ISACTIVE><![CDATA[Y]]></ISACTIVE>
<!--5C01925AF9F511DDA910DF42D21F1F40-->  <NAME><![CDATA[Attribute Value]]></NAME>
<!--5C01925AF9F511DDA910DF42D21F1F40-->  <DESCRIPTION><![CDATA[Product Attribute Value]]></DESCRIPTION>
<!--5C01925AF9F511DDA910DF42D21F1F40-->  <ISCENTRALLYMAINTAINED><![CDATA[Y]]></ISCENTRALLYMAINTAINED>
<!--5C01925AF9F511DDA910DF42D21F1F40-->  <AD_TAB_ID><![CDATA[DC4DED9EC3CD4533921CD0C309079712]]></AD_TAB_ID>
<!--5C01925AF9F511DDA910DF42D21F1F40-->  <AD_COLUMN_ID><![CDATA[8504]]></AD_COLUMN_ID>
<!--5C01925AF9F511DDA910DF42D21F1F40-->  <ISDISPLAYED><![CDATA[Y]]></ISDISPLAYED>
<!--5C01925AF9F511DDA910DF42D21F1F40-->  <DISPLAYLENGTH><![CDATA[22]]></DISPLAYLENGTH>
<!--5C01925AF9F511DDA910DF42D21F1F40-->  <ISREADONLY><![CDATA[N]]></ISREADONLY>
<!--5C01925AF9F511DDA910DF42D21F1F40-->  <SEQNO><![CDATA[0]]></SEQNO>
<!--5C01925AF9F511DDA910DF42D21F1F40-->  <ISSAMELINE><![CDATA[N]]></ISSAMELINE>
<!--5C01925AF9F511DDA910DF42D21F1F40-->  <ISFIELDONLY><![CDATA[N]]></ISFIELDONLY>
<!--5C01925AF9F511DDA910DF42D21F1F40-->  <ISENCRYPTED><![CDATA[N]]></ISENCRYPTED>
<!--5C01925AF9F511DDA910DF42D21F1F40-->  <SHOWINRELATION><![CDATA[Y]]></SHOWINRELATION>
<!--5C01925AF9F511DDA910DF42D21F1F40-->  <ISFIRSTFOCUSEDFIELD><![CDATA[N]]></ISFIRSTFOCUSEDFIELD>
<!--5C01925AF9F511DDA910DF42D21F1F40-->  <AD_MODULE_ID><![CDATA[0882170B58C54D38879E252CCC56D053]]></AD_MODULE_ID>
<!--5C01925AF9F511DDA910DF42D21F1F40--></AD_FIELD>

<!--5C01B91AF9F511DDB16AABFE0CA60A03--><AD_FIELD>
<!--5C01B91AF9F511DDB16AABFE0CA60A03-->  <AD_FIELD_ID><![CDATA[5C01B91AF9F511DDB16AABFE0CA60A03]]></AD_FIELD_ID>
<!--5C01B91AF9F511DDB16AABFE0CA60A03-->  <AD_CLIENT_ID><![CDATA[0]]></AD_CLIENT_ID>
<!--5C01B91AF9F511DDB16AABFE0CA60A03-->  <AD_ORG_ID><![CDATA[0]]></AD_ORG_ID>
<!--5C01B91AF9F511DDB16AABFE0CA60A03-->  <ISACTIVE><![CDATA[Y]]></ISACTIVE>
<!--5C01B91AF9F511DDB16AABFE0CA60A03-->  <NAME><![CDATA[Organization]]></NAME>
<!--5C01B91AF9F511DDB16AABFE0CA60A03-->  <DESCRIPTION><![CDATA[Organizational entity within client]]></DESCRIPTION>
<!--5C01B91AF9F511DDB16AABFE0CA60A03-->  <ISCENTRALLYMAINTAINED><![CDATA[Y]]></ISCENTRALLYMAINTAINED>
<!--5C01B91AF9F511DDB16AABFE0CA60A03-->  <AD_TAB_ID><![CDATA[DC4DED9EC3CD4533921CD0C309079712]]></AD_TAB_ID>
<!--5C01B91AF9F511DDB16AABFE0CA60A03-->  <AD_COLUMN_ID><![CDATA[8503]]></AD_COLUMN_ID>
<!--5C01B91AF9F511DDB16AABFE0CA60A03-->  <ISDISPLAYED><![CDATA[Y]]></ISDISPLAYED>
<!--5C01B91AF9F511DDB16AABFE0CA60A03-->  <DISPLAYLENGTH><![CDATA[22]]></DISPLAYLENGTH>
<!--5C01B91AF9F511DDB16AABFE0CA60A03-->  <ISREADONLY><![CDATA[N]]></ISREADONLY>
<!--5C01B91AF9F511DDB16AABFE0CA60A03-->  <SEQNO><![CDATA[20]]></SEQNO>
<!--5C01B91AF9F511DDB16AABFE0CA60A03-->  <ISSAMELINE><![CDATA[Y]]></ISSAMELINE>
<!--5C01B91AF9F511DDB16AABFE0CA60A03-->  <ISFIELDONLY><![CDATA[N]]></ISFIELDONLY>
<!--5C01B91AF9F511DDB16AABFE0CA60A03-->  <ISENCRYPTED><![CDATA[N]]></ISENCRYPTED>
<!--5C01B91AF9F511DDB16AABFE0CA60A03-->  <SHOWINRELATION><![CDATA[N]]></SHOWINRELATION>
<!--5C01B91AF9F511DDB16AABFE0CA60A03-->  <ISFIRSTFOCUSEDFIELD><![CDATA[N]]></ISFIRSTFOCUSEDFIELD>
<!--5C01B91AF9F511DDB16AABFE0CA60A03-->  <AD_MODULE_ID><![CDATA[0882170B58C54D38879E252CCC56D053]]></AD_MODULE_ID>
<!--5C01B91AF9F511DDB16AABFE0CA60A03--></AD_FIELD>

<!--5C01E1E2F9F511DDB1699F505FA83E89--><AD_FIELD>
<!--5C01E1E2F9F511DDB1699F505FA83E89-->  <AD_FIELD_ID><![CDATA[5C01E1E2F9F511DDB1699F505FA83E89]]></AD_FIELD_ID>
<!--5C01E1E2F9F511DDB1699F505FA83E89-->  <AD_CLIENT_ID><![CDATA[0]]></AD_CLIENT_ID>
<!--5C01E1E2F9F511DDB1699F505FA83E89-->  <AD_ORG_ID><![CDATA[0]]></AD_ORG_ID>
<!--5C01E1E2F9F511DDB1699F505FA83E89-->  <ISACTIVE><![CDATA[Y]]></ISACTIVE>
<!--5C01E1E2F9F511DDB1699F505FA83E89-->  <NAME><![CDATA[Search Key]]></NAME>
<!--5C01E1E2F9F511DDB1699F505FA83E89-->  <DESCRIPTION><![CDATA[A fast method for finding a particular record.]]></DESCRIPTION>
<!--5C01E1E2F9F511DDB1699F505FA83E89-->  <ISCENTRALLYMAINTAINED><![CDATA[Y]]></ISCENTRALLYMAINTAINED>
<!--5C01E1E2F9F511DDB1699F505FA83E89-->  <AD_TAB_ID><![CDATA[DC4DED9EC3CD4533921CD0C309079712]]></AD_TAB_ID>
<!--5C01E1E2F9F511DDB1699F505FA83E89-->  <AD_COLUMN_ID><![CDATA[8501]]></AD_COLUMN_ID>
<!--5C01E1E2F9F511DDB1699F505FA83E89-->  <ISDISPLAYED><![CDATA[Y]]></ISDISPLAYED>
<!--5C01E1E2F9F511DDB1699F505FA83E89-->  <DISPLAYLENGTH><![CDATA[20]]></DISPLAYLENGTH>
<!--5C01E1E2F9F511DDB1699F505FA83E89-->  <ISREADONLY><![CDATA[N]]></ISREADONLY>
<!--5C01E1E2F9F511DDB1699F505FA83E89-->  <SEQNO><![CDATA[0]]></SEQNO>
<!--5C01E1E2F9F511DDB1699F505FA83E89-->  <SORTNO><![CDATA[1]]></SORTNO>
<!--5C01E1E2F9F511DDB1699F505FA83E89-->  <ISSAMELINE><![CDATA[N]]></ISSAMELINE>
<!--5C01E1E2F9F511DDB1699F505FA83E89-->  <ISFIELDONLY><![CDATA[N]]></ISFIELDONLY>
<!--5C01E1E2F9F511DDB1699F505FA83E89-->  <ISENCRYPTED><![CDATA[N]]></ISENCRYPTED>
<!--5C01E1E2F9F511DDB1699F505FA83E89-->  <SHOWINRELATION><![CDATA[Y]]></SHOWINRELATION>
<!--5C01E1E2F9F511DDB1699F505FA83E89-->  <ISFIRSTFOCUSEDFIELD><![CDATA[N]]></ISFIRSTFOCUSEDFIELD>
<!--5C01E1E2F9F511DDB1699F505FA83E89-->  <AD_MODULE_ID><![CDATA[0882170B58C54D38879E252CCC56D053]]></AD_MODULE_ID>
<!--5C01E1E2F9F511DDB1699F505FA83E89--></AD_FIELD>

<!--5C020C58F9F511DDAFB093F1E3401D04--><AD_FIELD>
<!--5C020C58F9F511DDAFB093F1E3401D04-->  <AD_FIELD_ID><![CDATA[5C020C58F9F511DDAFB093F1E3401D04]]></AD_FIELD_ID>
<!--5C020C58F9F511DDAFB093F1E3401D04-->  <AD_CLIENT_ID><![CDATA[0]]></AD_CLIENT_ID>
<!--5C020C58F9F511DDAFB093F1E3401D04-->  <AD_ORG_ID><![CDATA[0]]></AD_ORG_ID>
<!--5C020C58F9F511DDAFB093F1E3401D04-->  <ISACTIVE><![CDATA[Y]]></ISACTIVE>
<!--5C020C58F9F511DDAFB093F1E3401D04-->  <NAME><![CDATA[Client]]></NAME>
<!--5C020C58F9F511DDAFB093F1E3401D04-->  <DESCRIPTION><![CDATA[Client for this installation.]]></DESCRIPTION>
<!--5C020C58F9F511DDAFB093F1E3401D04-->  <ISCENTRALLYMAINTAINED><![CDATA[Y]]></ISCENTRALLYMAINTAINED>
<!--5C020C58F9F511DDAFB093F1E3401D04-->  <AD_TAB_ID><![CDATA[DC4DED9EC3CD4533921CD0C309079712]]></AD_TAB_ID>
<!--5C020C58F9F511DDAFB093F1E3401D04-->  <AD_COLUMN_ID><![CDATA[8500]]></AD_COLUMN_ID>
<!--5C020C58F9F511DDAFB093F1E3401D04-->  <ISDISPLAYED><![CDATA[Y]]></ISDISPLAYED>
<!--5C020C58F9F511DDAFB093F1E3401D04-->  <DISPLAYLENGTH><![CDATA[22]]></DISPLAYLENGTH>
<!--5C020C58F9F511DDAFB093F1E3401D04-->  <ISREADONLY><![CDATA[N]]></ISREADONLY>
<!--5C020C58F9F511DDAFB093F1E3401D04-->  <SEQNO><![CDATA[10]]></SEQNO>
<!--5C020C58F9F511DDAFB093F1E3401D04-->  <ISSAMELINE><![CDATA[N]]></ISSAMELINE>
<!--5C020C58F9F511DDAFB093F1E3401D04-->  <ISFIELDONLY><![CDATA[N]]></ISFIELDONLY>
<!--5C020C58F9F511DDAFB093F1E3401D04-->  <ISENCRYPTED><![CDATA[N]]></ISENCRYPTED>
<!--5C020C58F9F511DDAFB093F1E3401D04-->  <SHOWINRELATION><![CDATA[N]]></SHOWINRELATION>
<!--5C020C58F9F511DDAFB093F1E3401D04-->  <ISFIRSTFOCUSEDFIELD><![CDATA[N]]></ISFIRSTFOCUSEDFIELD>
<!--5C020C58F9F511DDAFB093F1E3401D04-->  <AD_MODULE_ID><![CDATA[0882170B58C54D38879E252CCC56D053]]></AD_MODULE_ID>
<!--5C020C58F9F511DDAFB093F1E3401D04--></AD_FIELD>

<!--5C023412F9F511DDAD5A17D8CA4BE4CD--><AD_FIELD>
<!--5C023412F9F511DDAD5A17D8CA4BE4CD-->  <AD_FIELD_ID><![CDATA[5C023412F9F511DDAD5A17D8CA4BE4CD]]></AD_FIELD_ID>
<!--5C023412F9F511DDAD5A17D8CA4BE4CD-->  <AD_CLIENT_ID><![CDATA[0]]></AD_CLIENT_ID>
<!--5C023412F9F511DDAD5A17D8CA4BE4CD-->  <AD_ORG_ID><![CDATA[0]]></AD_ORG_ID>
<!--5C023412F9F511DDAD5A17D8CA4BE4CD-->  <ISACTIVE><![CDATA[Y]]></ISACTIVE>
<!--5C023412F9F511DDAD5A17D8CA4BE4CD-->  <NAME><![CDATA[Attribute Set Value]]></NAME>
<!--5C023412F9F511DDAD5A17D8CA4BE4CD-->  <DESCRIPTION><![CDATA[An attribute associated with a product as part of an attribute set.]]></DESCRIPTION>
<!--5C023412F9F511DDAD5A17D8CA4BE4CD-->  <ISCENTRALLYMAINTAINED><![CDATA[Y]]></ISCENTRALLYMAINTAINED>
<!--5C023412F9F511DDAD5A17D8CA4BE4CD-->  <AD_TAB_ID><![CDATA[DC4DED9EC3CD4533921CD0C309079712]]></AD_TAB_ID>
<!--5C023412F9F511DDAD5A17D8CA4BE4CD-->  <AD_COLUMN_ID><![CDATA[8499]]></AD_COLUMN_ID>
<!--5C023412F9F511DDAD5A17D8CA4BE4CD-->  <ISDISPLAYED><![CDATA[Y]]></ISDISPLAYED>
<!--5C023412F9F511DDAD5A17D8CA4BE4CD-->  <DISPLAYLENGTH><![CDATA[22]]></DISPLAYLENGTH>
<!--5C023412F9F511DDAD5A17D8CA4BE4CD-->  <ISREADONLY><![CDATA[N]]></ISREADONLY>
<!--5C023412F9F511DDAD5A17D8CA4BE4CD-->  <SEQNO><![CDATA[0]]></SEQNO>
<!--5C023412F9F511DDAD5A17D8CA4BE4CD-->  <ISSAMELINE><![CDATA[N]]></ISSAMELINE>
<!--5C023412F9F511DDAD5A17D8CA4BE4CD-->  <ISFIELDONLY><![CDATA[N]]></ISFIELDONLY>
<!--5C023412F9F511DDAD5A17D8CA4BE4CD-->  <ISENCRYPTED><![CDATA[N]]></ISENCRYPTED>
<!--5C023412F9F511DDAD5A17D8CA4BE4CD-->  <SHOWINRELATION><![CDATA[Y]]></SHOWINRELATION>
<!--5C023412F9F511DDAD5A17D8CA4BE4CD-->  <ISFIRSTFOCUSEDFIELD><![CDATA[N]]></ISFIRSTFOCUSEDFIELD>
<!--5C023412F9F511DDAD5A17D8CA4BE4CD-->  <AD_MODULE_ID><![CDATA[0882170B58C54D38879E252CCC56D053]]></AD_MODULE_ID>
<!--5C023412F9F511DDAD5A17D8CA4BE4CD--></AD_FIELD>

<!--6B158ECCF9F511DDACD53F4CBCE243A1--><AD_FIELD>
<!--6B158ECCF9F511DDACD53F4CBCE243A1-->  <AD_FIELD_ID><![CDATA[6B158ECCF9F511DDACD53F4CBCE243A1]]></AD_FIELD_ID>
<!--6B158ECCF9F511DDACD53F4CBCE243A1-->  <AD_CLIENT_ID><![CDATA[0]]></AD_CLIENT_ID>
<!--6B158ECCF9F511DDACD53F4CBCE243A1-->  <AD_ORG_ID><![CDATA[0]]></AD_ORG_ID>
<!--6B158ECCF9F511DDACD53F4CBCE243A1-->  <ISACTIVE><![CDATA[Y]]></ISACTIVE>
<!--6B158ECCF9F511DDACD53F4CBCE243A1-->  <NAME><![CDATA[Lock_Description]]></NAME>
<!--6B158ECCF9F511DDACD53F4CBCE243A1-->  <ISCENTRALLYMAINTAINED><![CDATA[Y]]></ISCENTRALLYMAINTAINED>
<!--6B158ECCF9F511DDACD53F4CBCE243A1-->  <AD_TAB_ID><![CDATA[1FF8BC8BCFFA416CA549C4C035A09D3F]]></AD_TAB_ID>
<!--6B158ECCF9F511DDACD53F4CBCE243A1-->  <AD_COLUMN_ID><![CDATA[58494BA1BA3A610CE040007F010057B4]]></AD_COLUMN_ID>
<!--6B158ECCF9F511DDACD53F4CBCE243A1-->  <ISDISPLAYED><![CDATA[Y]]></ISDISPLAYED>
<!--6B158ECCF9F511DDACD53F4CBCE243A1-->  <DISPLAYLENGTH><![CDATA[255]]></DISPLAYLENGTH>
<!--6B158ECCF9F511DDACD53F4CBCE243A1-->  <ISREADONLY><![CDATA[N]]></ISREADONLY>
<!--6B158ECCF9F511DDACD53F4CBCE243A1-->  <SEQNO><![CDATA[0]]></SEQNO>
<!--6B158ECCF9F511DDACD53F4CBCE243A1-->  <ISSAMELINE><![CDATA[N]]></ISSAMELINE>
<!--6B158ECCF9F511DDACD53F4CBCE243A1-->  <ISFIELDONLY><![CDATA[N]]></ISFIELDONLY>
<!--6B158ECCF9F511DDACD53F4CBCE243A1-->  <ISENCRYPTED><![CDATA[N]]></ISENCRYPTED>
<!--6B158ECCF9F511DDACD53F4CBCE243A1-->  <SHOWINRELATION><![CDATA[Y]]></SHOWINRELATION>
<!--6B158ECCF9F511DDACD53F4CBCE243A1-->  <ISFIRSTFOCUSEDFIELD><![CDATA[N]]></ISFIRSTFOCUSEDFIELD>
<!--6B158ECCF9F511DDACD53F4CBCE243A1-->  <AD_MODULE_ID><![CDATA[0882170B58C54D38879E252CCC56D053]]></AD_MODULE_ID>
<!--6B158ECCF9F511DDACD53F4CBCE243A1--></AD_FIELD>

<!--6B17DB1EF9F511DD89D42B46FACC6A24--><AD_FIELD>
<!--6B17DB1EF9F511DD89D42B46FACC6A24-->  <AD_FIELD_ID><![CDATA[6B17DB1EF9F511DD89D42B46FACC6A24]]></AD_FIELD_ID>
<!--6B17DB1EF9F511DD89D42B46FACC6A24-->  <AD_CLIENT_ID><![CDATA[0]]></AD_CLIENT_ID>
<!--6B17DB1EF9F511DD89D42B46FACC6A24-->  <AD_ORG_ID><![CDATA[0]]></AD_ORG_ID>
<!--6B17DB1EF9F511DD89D42B46FACC6A24-->  <ISACTIVE><![CDATA[Y]]></ISACTIVE>
<!--6B17DB1EF9F511DD89D42B46FACC6A24-->  <NAME><![CDATA[Islocked]]></NAME>
<!--6B17DB1EF9F511DD89D42B46FACC6A24-->  <ISCENTRALLYMAINTAINED><![CDATA[Y]]></ISCENTRALLYMAINTAINED>
<!--6B17DB1EF9F511DD89D42B46FACC6A24-->  <AD_TAB_ID><![CDATA[1FF8BC8BCFFA416CA549C4C035A09D3F]]></AD_TAB_ID>
<!--6B17DB1EF9F511DD89D42B46FACC6A24-->  <AD_COLUMN_ID><![CDATA[58494BA1BA39610CE040007F010057B4]]></AD_COLUMN_ID>
<!--6B17DB1EF9F511DD89D42B46FACC6A24-->  <ISDISPLAYED><![CDATA[Y]]></ISDISPLAYED>
<!--6B17DB1EF9F511DD89D42B46FACC6A24-->  <DISPLAYLENGTH><![CDATA[1]]></DISPLAYLENGTH>
<!--6B17DB1EF9F511DD89D42B46FACC6A24-->  <ISREADONLY><![CDATA[N]]></ISREADONLY>
<!--6B17DB1EF9F511DD89D42B46FACC6A24-->  <SEQNO><![CDATA[0]]></SEQNO>
<!--6B17DB1EF9F511DD89D42B46FACC6A24-->  <ISSAMELINE><![CDATA[N]]></ISSAMELINE>
<!--6B17DB1EF9F511DD89D42B46FACC6A24-->  <ISFIELDONLY><![CDATA[N]]></ISFIELDONLY>
<!--6B17DB1EF9F511DD89D42B46FACC6A24-->  <ISENCRYPTED><![CDATA[N]]></ISENCRYPTED>
<!--6B17DB1EF9F511DD89D42B46FACC6A24-->  <SHOWINRELATION><![CDATA[Y]]></SHOWINRELATION>
<!--6B17DB1EF9F511DD89D42B46FACC6A24-->  <ISFIRSTFOCUSEDFIELD><![CDATA[N]]></ISFIRSTFOCUSEDFIELD>
<!--6B17DB1EF9F511DD89D42B46FACC6A24-->  <AD_MODULE_ID><![CDATA[0882170B58C54D38879E252CCC56D053]]></AD_MODULE_ID>
<!--6B17DB1EF9F511DD89D42B46FACC6A24--></AD_FIELD>

<!--6B180A3AF9F511DD8D8A179825C9DC5F--><AD_FIELD>
<!--6B180A3AF9F511DD8D8A179825C9DC5F-->  <AD_FIELD_ID><![CDATA[6B180A3AF9F511DD8D8A179825C9DC5F]]></AD_FIELD_ID>
<!--6B180A3AF9F511DD8D8A179825C9DC5F-->  <AD_CLIENT_ID><![CDATA[0]]></AD_CLIENT_ID>
<!--6B180A3AF9F511DD8D8A179825C9DC5F-->  <AD_ORG_ID><![CDATA[0]]></AD_ORG_ID>
<!--6B180A3AF9F511DD8D8A179825C9DC5F-->  <ISACTIVE><![CDATA[Y]]></ISACTIVE>
<!--6B180A3AF9F511DD8D8A179825C9DC5F-->  <NAME><![CDATA[Lot]]></NAME>
<!--6B180A3AF9F511DD8D8A179825C9DC5F-->  <DESCRIPTION><![CDATA[A group of identical or similar items organized and placed into inventory under one number.]]></DESCRIPTION>
<!--6B180A3AF9F511DD8D8A179825C9DC5F-->  <ISCENTRALLYMAINTAINED><![CDATA[Y]]></ISCENTRALLYMAINTAINED>
<!--6B180A3AF9F511DD8D8A179825C9DC5F-->  <AD_TAB_ID><![CDATA[1FF8BC8BCFFA416CA549C4C035A09D3F]]></AD_TAB_ID>
<!--6B180A3AF9F511DD8D8A179825C9DC5F-->  <AD_COLUMN_ID><![CDATA[9771]]></AD_COLUMN_ID>
<!--6B180A3AF9F511DD8D8A179825C9DC5F-->  <ISDISPLAYED><![CDATA[Y]]></ISDISPLAYED>
<!--6B180A3AF9F511DD8D8A179825C9DC5F-->  <DISPLAYLENGTH><![CDATA[22]]></DISPLAYLENGTH>
<!--6B180A3AF9F511DD8D8A179825C9DC5F-->  <ISREADONLY><![CDATA[N]]></ISREADONLY>
<!--6B180A3AF9F511DD8D8A179825C9DC5F-->  <SEQNO><![CDATA[0]]></SEQNO>
<!--6B180A3AF9F511DD8D8A179825C9DC5F-->  <ISSAMELINE><![CDATA[N]]></ISSAMELINE>
<!--6B180A3AF9F511DD8D8A179825C9DC5F-->  <ISFIELDONLY><![CDATA[N]]></ISFIELDONLY>
<!--6B180A3AF9F511DD8D8A179825C9DC5F-->  <ISENCRYPTED><![CDATA[N]]></ISENCRYPTED>
<!--6B180A3AF9F511DD8D8A179825C9DC5F-->  <SHOWINRELATION><![CDATA[Y]]></SHOWINRELATION>
<!--6B180A3AF9F511DD8D8A179825C9DC5F-->  <ISFIRSTFOCUSEDFIELD><![CDATA[N]]></ISFIRSTFOCUSEDFIELD>
<!--6B180A3AF9F511DD8D8A179825C9DC5F-->  <AD_MODULE_ID><![CDATA[0882170B58C54D38879E252CCC56D053]]></AD_MODULE_ID>
<!--6B180A3AF9F511DD8D8A179825C9DC5F--></AD_FIELD>

<!--6B183230F9F511DDA5654FA3AB93C2A7--><AD_FIELD>
<!--6B183230F9F511DDA5654FA3AB93C2A7-->  <AD_FIELD_ID><![CDATA[6B183230F9F511DDA5654FA3AB93C2A7]]></AD_FIELD_ID>
<!--6B183230F9F511DDA5654FA3AB93C2A7-->  <AD_CLIENT_ID><![CDATA[0]]></AD_CLIENT_ID>
<!--6B183230F9F511DDA5654FA3AB93C2A7-->  <AD_ORG_ID><![CDATA[0]]></AD_ORG_ID>
<!--6B183230F9F511DDA5654FA3AB93C2A7-->  <ISACTIVE><![CDATA[Y]]></ISACTIVE>
<!--6B183230F9F511DDA5654FA3AB93C2A7-->  <NAME><![CDATA[Client]]></NAME>
<!--6B183230F9F511DDA5654FA3AB93C2A7-->  <DESCRIPTION><![CDATA[Client for this installation.]]></DESCRIPTION>
<!--6B183230F9F511DDA5654FA3AB93C2A7-->  <ISCENTRALLYMAINTAINED><![CDATA[Y]]></ISCENTRALLYMAINTAINED>
<!--6B183230F9F511DDA5654FA3AB93C2A7-->  <AD_TAB_ID><![CDATA[1FF8BC8BCFFA416CA549C4C035A09D3F]]></AD_TAB_ID>
<!--6B183230F9F511DDA5654FA3AB93C2A7-->  <AD_COLUMN_ID><![CDATA[8482]]></AD_COLUMN_ID>
<!--6B183230F9F511DDA5654FA3AB93C2A7-->  <ISDISPLAYED><![CDATA[Y]]></ISDISPLAYED>
<!--6B183230F9F511DDA5654FA3AB93C2A7-->  <DISPLAYLENGTH><![CDATA[22]]></DISPLAYLENGTH>
<!--6B183230F9F511DDA5654FA3AB93C2A7-->  <ISREADONLY><![CDATA[N]]></ISREADONLY>
<!--6B183230F9F511DDA5654FA3AB93C2A7-->  <SEQNO><![CDATA[10]]></SEQNO>
<!--6B183230F9F511DDA5654FA3AB93C2A7-->  <ISSAMELINE><![CDATA[N]]></ISSAMELINE>
<!--6B183230F9F511DDA5654FA3AB93C2A7-->  <ISFIELDONLY><![CDATA[N]]></ISFIELDONLY>
<!--6B183230F9F511DDA5654FA3AB93C2A7-->  <ISENCRYPTED><![CDATA[N]]></ISENCRYPTED>
<!--6B183230F9F511DDA5654FA3AB93C2A7-->  <SHOWINRELATION><![CDATA[N]]></SHOWINRELATION>
<!--6B183230F9F511DDA5654FA3AB93C2A7-->  <ISFIRSTFOCUSEDFIELD><![CDATA[N]]></ISFIRSTFOCUSEDFIELD>
<!--6B183230F9F511DDA5654FA3AB93C2A7-->  <AD_MODULE_ID><![CDATA[0882170B58C54D38879E252CCC56D053]]></AD_MODULE_ID>
<!--6B183230F9F511DDA5654FA3AB93C2A7--></AD_FIELD>

<!--6B1862AAF9F511DDB1EDBB9C63A2ABB8--><AD_FIELD>
<!--6B1862AAF9F511DDB1EDBB9C63A2ABB8-->  <AD_FIELD_ID><![CDATA[6B1862AAF9F511DDB1EDBB9C63A2ABB8]]></AD_FIELD_ID>
<!--6B1862AAF9F511DDB1EDBB9C63A2ABB8-->  <AD_CLIENT_ID><![CDATA[0]]></AD_CLIENT_ID>
<!--6B1862AAF9F511DDB1EDBB9C63A2ABB8-->  <AD_ORG_ID><![CDATA[0]]></AD_ORG_ID>
<!--6B1862AAF9F511DDB1EDBB9C63A2ABB8-->  <ISACTIVE><![CDATA[Y]]></ISACTIVE>
<!--6B1862AAF9F511DDB1EDBB9C63A2ABB8-->  <NAME><![CDATA[Organization]]></NAME>
<!--6B1862AAF9F511DDB1EDBB9C63A2ABB8-->  <DESCRIPTION><![CDATA[Organizational entity within client]]></DESCRIPTION>
<!--6B1862AAF9F511DDB1EDBB9C63A2ABB8-->  <ISCENTRALLYMAINTAINED><![CDATA[Y]]></ISCENTRALLYMAINTAINED>
<!--6B1862AAF9F511DDB1EDBB9C63A2ABB8-->  <AD_TAB_ID><![CDATA[1FF8BC8BCFFA416CA549C4C035A09D3F]]></AD_TAB_ID>
<!--6B1862AAF9F511DDB1EDBB9C63A2ABB8-->  <AD_COLUMN_ID><![CDATA[8481]]></AD_COLUMN_ID>
<!--6B1862AAF9F511DDB1EDBB9C63A2ABB8-->  <ISDISPLAYED><![CDATA[Y]]></ISDISPLAYED>
<!--6B1862AAF9F511DDB1EDBB9C63A2ABB8-->  <DISPLAYLENGTH><![CDATA[22]]></DISPLAYLENGTH>
<!--6B1862AAF9F511DDB1EDBB9C63A2ABB8-->  <ISREADONLY><![CDATA[N]]></ISREADONLY>
<!--6B1862AAF9F511DDB1EDBB9C63A2ABB8-->  <SEQNO><![CDATA[20]]></SEQNO>
<!--6B1862AAF9F511DDB1EDBB9C63A2ABB8-->  <ISSAMELINE><![CDATA[Y]]></ISSAMELINE>
<!--6B1862AAF9F511DDB1EDBB9C63A2ABB8-->  <ISFIELDONLY><![CDATA[N]]></ISFIELDONLY>
<!--6B1862AAF9F511DDB1EDBB9C63A2ABB8-->  <ISENCRYPTED><![CDATA[N]]></ISENCRYPTED>
<!--6B1862AAF9F511DDB1EDBB9C63A2ABB8-->  <SHOWINRELATION><![CDATA[N]]></SHOWINRELATION>
<!--6B1862AAF9F511DDB1EDBB9C63A2ABB8-->  <ISFIRSTFOCUSEDFIELD><![CDATA[N]]></ISFIRSTFOCUSEDFIELD>
<!--6B1862AAF9F511DDB1EDBB9C63A2ABB8-->  <AD_MODULE_ID><![CDATA[0882170B58C54D38879E252CCC56D053]]></AD_MODULE_ID>
<!--6B1862AAF9F511DDB1EDBB9C63A2ABB8--></AD_FIELD>

<!--6B189CFCF9F511DDB5F9FBB387CF1E9A--><AD_FIELD>
<!--6B189CFCF9F511DDB5F9FBB387CF1E9A-->  <AD_FIELD_ID><![CDATA[6B189CFCF9F511DDB5F9FBB387CF1E9A]]></AD_FIELD_ID>
<!--6B189CFCF9F511DDB5F9FBB387CF1E9A-->  <AD_CLIENT_ID><![CDATA[0]]></AD_CLIENT_ID>
<!--6B189CFCF9F511DDB5F9FBB387CF1E9A-->  <AD_ORG_ID><![CDATA[0]]></AD_ORG_ID>
<!--6B189CFCF9F511DDB5F9FBB387CF1E9A-->  <ISACTIVE><![CDATA[Y]]></ISACTIVE>
<!--6B189CFCF9F511DDB5F9FBB387CF1E9A-->  <NAME><![CDATA[Description]]></NAME>
<!--6B189CFCF9F511DDB5F9FBB387CF1E9A-->  <DESCRIPTION><![CDATA[A space to write additional related information.]]></DESCRIPTION>
<!--6B189CFCF9F511DDB5F9FBB387CF1E9A-->  <ISCENTRALLYMAINTAINED><![CDATA[Y]]></ISCENTRALLYMAINTAINED>
<!--6B189CFCF9F511DDB5F9FBB387CF1E9A-->  <AD_TAB_ID><![CDATA[1FF8BC8BCFFA416CA549C4C035A09D3F]]></AD_TAB_ID>
<!--6B189CFCF9F511DDB5F9FBB387CF1E9A-->  <AD_COLUMN_ID><![CDATA[8479]]></AD_COLUMN_ID>
<!--6B189CFCF9F511DDB5F9FBB387CF1E9A-->  <ISDISPLAYED><![CDATA[Y]]></ISDISPLAYED>
<!--6B189CFCF9F511DDB5F9FBB387CF1E9A-->  <DISPLAYLENGTH><![CDATA[255]]></DISPLAYLENGTH>
<!--6B189CFCF9F511DDB5F9FBB387CF1E9A-->  <ISREADONLY><![CDATA[N]]></ISREADONLY>
<!--6B189CFCF9F511DDB5F9FBB387CF1E9A-->  <SEQNO><![CDATA[0]]></SEQNO>
<!--6B189CFCF9F511DDB5F9FBB387CF1E9A-->  <ISSAMELINE><![CDATA[N]]></ISSAMELINE>
<!--6B189CFCF9F511DDB5F9FBB387CF1E9A-->  <ISFIELDONLY><![CDATA[N]]></ISFIELDONLY>
<!--6B189CFCF9F511DDB5F9FBB387CF1E9A-->  <ISENCRYPTED><![CDATA[N]]></ISENCRYPTED>
<!--6B189CFCF9F511DDB5F9FBB387CF1E9A-->  <SHOWINRELATION><![CDATA[Y]]></SHOWINRELATION>
<!--6B189CFCF9F511DDB5F9FBB387CF1E9A-->  <ISFIRSTFOCUSEDFIELD><![CDATA[N]]></ISFIRSTFOCUSEDFIELD>
<!--6B189CFCF9F511DDB5F9FBB387CF1E9A-->  <AD_MODULE_ID><![CDATA[0882170B58C54D38879E252CCC56D053]]></AD_MODULE_ID>
<!--6B189CFCF9F511DDB5F9FBB387CF1E9A--></AD_FIELD>

<!--6B18C95CF9F511DD851B138DCE1A0D26--><AD_FIELD>
<!--6B18C95CF9F511DD851B138DCE1A0D26-->  <AD_FIELD_ID><![CDATA[6B18C95CF9F511DD851B138DCE1A0D26]]></AD_FIELD_ID>
<!--6B18C95CF9F511DD851B138DCE1A0D26-->  <AD_CLIENT_ID><![CDATA[0]]></AD_CLIENT_ID>
<!--6B18C95CF9F511DD851B138DCE1A0D26-->  <AD_ORG_ID><![CDATA[0]]></AD_ORG_ID>
<!--6B18C95CF9F511DD851B138DCE1A0D26-->  <ISACTIVE><![CDATA[Y]]></ISACTIVE>
<!--6B18C95CF9F511DD851B138DCE1A0D26-->  <NAME><![CDATA[Attribute Set]]></NAME>
<!--6B18C95CF9F511DD851B138DCE1A0D26-->  <DESCRIPTION><![CDATA[A group of attributes which are assigned to a selected product.]]></DESCRIPTION>
<!--6B18C95CF9F511DD851B138DCE1A0D26-->  <ISCENTRALLYMAINTAINED><![CDATA[Y]]></ISCENTRALLYMAINTAINED>
<!--6B18C95CF9F511DD851B138DCE1A0D26-->  <AD_TAB_ID><![CDATA[1FF8BC8BCFFA416CA549C4C035A09D3F]]></AD_TAB_ID>
<!--6B18C95CF9F511DD851B138DCE1A0D26-->  <AD_COLUMN_ID><![CDATA[8477]]></AD_COLUMN_ID>
<!--6B18C95CF9F511DD851B138DCE1A0D26-->  <ISDISPLAYED><![CDATA[Y]]></ISDISPLAYED>
<!--6B18C95CF9F511DD851B138DCE1A0D26-->  <DISPLAYLENGTH><![CDATA[22]]></DISPLAYLENGTH>
<!--6B18C95CF9F511DD851B138DCE1A0D26-->  <ISREADONLY><![CDATA[N]]></ISREADONLY>
<!--6B18C95CF9F511DD851B138DCE1A0D26-->  <SEQNO><![CDATA[0]]></SEQNO>
<!--6B18C95CF9F511DD851B138DCE1A0D26-->  <ISSAMELINE><![CDATA[N]]></ISSAMELINE>
<!--6B18C95CF9F511DD851B138DCE1A0D26-->  <ISFIELDONLY><![CDATA[N]]></ISFIELDONLY>
<!--6B18C95CF9F511DD851B138DCE1A0D26-->  <ISENCRYPTED><![CDATA[N]]></ISENCRYPTED>
<!--6B18C95CF9F511DD851B138DCE1A0D26-->  <SHOWINRELATION><![CDATA[Y]]></SHOWINRELATION>
<!--6B18C95CF9F511DD851B138DCE1A0D26-->  <ISFIRSTFOCUSEDFIELD><![CDATA[N]]></ISFIRSTFOCUSEDFIELD>
<!--6B18C95CF9F511DD851B138DCE1A0D26-->  <AD_MODULE_ID><![CDATA[0882170B58C54D38879E252CCC56D053]]></AD_MODULE_ID>
<!--6B18C95CF9F511DD851B138DCE1A0D26--></AD_FIELD>

<!--6B18F8E6F9F511DDBDDE4F03EEAEA1A4--><AD_FIELD>
<!--6B18F8E6F9F511DDBDDE4F03EEAEA1A4-->  <AD_FIELD_ID><![CDATA[6B18F8E6F9F511DDBDDE4F03EEAEA1A4]]></AD_FIELD_ID>
<!--6B18F8E6F9F511DDBDDE4F03EEAEA1A4-->  <AD_CLIENT_ID><![CDATA[0]]></AD_CLIENT_ID>
<!--6B18F8E6F9F511DDBDDE4F03EEAEA1A4-->  <AD_ORG_ID><![CDATA[0]]></AD_ORG_ID>
<!--6B18F8E6F9F511DDBDDE4F03EEAEA1A4-->  <ISACTIVE><![CDATA[Y]]></ISACTIVE>
<!--6B18F8E6F9F511DDBDDE4F03EEAEA1A4-->  <NAME><![CDATA[Active]]></NAME>
<!--6B18F8E6F9F511DDBDDE4F03EEAEA1A4-->  <DESCRIPTION><![CDATA[A flag indicating whether this record is available for use or de-activated.]]></DESCRIPTION>
<!--6B18F8E6F9F511DDBDDE4F03EEAEA1A4-->  <ISCENTRALLYMAINTAINED><![CDATA[Y]]></ISCENTRALLYMAINTAINED>
<!--6B18F8E6F9F511DDBDDE4F03EEAEA1A4-->  <AD_TAB_ID><![CDATA[1FF8BC8BCFFA416CA549C4C035A09D3F]]></AD_TAB_ID>
<!--6B18F8E6F9F511DDBDDE4F03EEAEA1A4-->  <AD_COLUMN_ID><![CDATA[8476]]></AD_COLUMN_ID>
<!--6B18F8E6F9F511DDBDDE4F03EEAEA1A4-->  <ISDISPLAYED><![CDATA[Y]]></ISDISPLAYED>
<!--6B18F8E6F9F511DDBDDE4F03EEAEA1A4-->  <DISPLAYLENGTH><![CDATA[1]]></DISPLAYLENGTH>
<!--6B18F8E6F9F511DDBDDE4F03EEAEA1A4-->  <ISREADONLY><![CDATA[N]]></ISREADONLY>
<!--6B18F8E6F9F511DDBDDE4F03EEAEA1A4-->  <SEQNO><![CDATA[0]]></SEQNO>
<!--6B18F8E6F9F511DDBDDE4F03EEAEA1A4-->  <ISSAMELINE><![CDATA[N]]></ISSAMELINE>
<!--6B18F8E6F9F511DDBDDE4F03EEAEA1A4-->  <ISFIELDONLY><![CDATA[N]]></ISFIELDONLY>
<!--6B18F8E6F9F511DDBDDE4F03EEAEA1A4-->  <ISENCRYPTED><![CDATA[N]]></ISENCRYPTED>
<!--6B18F8E6F9F511DDBDDE4F03EEAEA1A4-->  <SHOWINRELATION><![CDATA[Y]]></SHOWINRELATION>
<!--6B18F8E6F9F511DDBDDE4F03EEAEA1A4-->  <ISFIRSTFOCUSEDFIELD><![CDATA[N]]></ISFIRSTFOCUSEDFIELD>
<!--6B18F8E6F9F511DDBDDE4F03EEAEA1A4-->  <AD_MODULE_ID><![CDATA[0882170B58C54D38879E252CCC56D053]]></AD_MODULE_ID>
<!--6B18F8E6F9F511DDBDDE4F03EEAEA1A4--></AD_FIELD>

<!--6B192B36F9F511DDB9ED73CA8F109BF3--><AD_FIELD>
<!--6B192B36F9F511DDB9ED73CA8F109BF3-->  <AD_FIELD_ID><![CDATA[6B192B36F9F511DDB9ED73CA8F109BF3]]></AD_FIELD_ID>
<!--6B192B36F9F511DDB9ED73CA8F109BF3-->  <AD_CLIENT_ID><![CDATA[0]]></AD_CLIENT_ID>
<!--6B192B36F9F511DDB9ED73CA8F109BF3-->  <AD_ORG_ID><![CDATA[0]]></AD_ORG_ID>
<!--6B192B36F9F511DDB9ED73CA8F109BF3-->  <ISACTIVE><![CDATA[Y]]></ISACTIVE>
<!--6B192B36F9F511DDB9ED73CA8F109BF3-->  <NAME><![CDATA[Lot Name]]></NAME>
<!--6B192B36F9F511DDB9ED73CA8F109BF3-->  <DESCRIPTION><![CDATA[A group of identical or similar items organized and placed into inventory under one number.]]></DESCRIPTION>
<!--6B192B36F9F511DDB9ED73CA8F109BF3-->  <ISCENTRALLYMAINTAINED><![CDATA[Y]]></ISCENTRALLYMAINTAINED>
<!--6B192B36F9F511DDB9ED73CA8F109BF3-->  <AD_TAB_ID><![CDATA[1FF8BC8BCFFA416CA549C4C035A09D3F]]></AD_TAB_ID>
<!--6B192B36F9F511DDB9ED73CA8F109BF3-->  <AD_COLUMN_ID><![CDATA[8473]]></AD_COLUMN_ID>
<!--6B192B36F9F511DDB9ED73CA8F109BF3-->  <ISDISPLAYED><![CDATA[Y]]></ISDISPLAYED>
<!--6B192B36F9F511DDB9ED73CA8F109BF3-->  <DISPLAYLENGTH><![CDATA[20]]></DISPLAYLENGTH>
<!--6B192B36F9F511DDB9ED73CA8F109BF3-->  <ISREADONLY><![CDATA[N]]></ISREADONLY>
<!--6B192B36F9F511DDB9ED73CA8F109BF3-->  <SEQNO><![CDATA[0]]></SEQNO>
<!--6B192B36F9F511DDB9ED73CA8F109BF3-->  <ISSAMELINE><![CDATA[N]]></ISSAMELINE>
<!--6B192B36F9F511DDB9ED73CA8F109BF3-->  <ISFIELDONLY><![CDATA[N]]></ISFIELDONLY>
<!--6B192B36F9F511DDB9ED73CA8F109BF3-->  <ISENCRYPTED><![CDATA[N]]></ISENCRYPTED>
<!--6B192B36F9F511DDB9ED73CA8F109BF3-->  <SHOWINRELATION><![CDATA[Y]]></SHOWINRELATION>
<!--6B192B36F9F511DDB9ED73CA8F109BF3-->  <ISFIRSTFOCUSEDFIELD><![CDATA[N]]></ISFIRSTFOCUSEDFIELD>
<!--6B192B36F9F511DDB9ED73CA8F109BF3-->  <AD_MODULE_ID><![CDATA[0882170B58C54D38879E252CCC56D053]]></AD_MODULE_ID>
<!--6B192B36F9F511DDB9ED73CA8F109BF3--></AD_FIELD>

<!--6B195958F9F511DDA9D6933492CF1D55--><AD_FIELD>
<!--6B195958F9F511DDA9D6933492CF1D55-->  <AD_FIELD_ID><![CDATA[6B195958F9F511DDA9D6933492CF1D55]]></AD_FIELD_ID>
<!--6B195958F9F511DDA9D6933492CF1D55-->  <AD_CLIENT_ID><![CDATA[0]]></AD_CLIENT_ID>
<!--6B195958F9F511DDA9D6933492CF1D55-->  <AD_ORG_ID><![CDATA[0]]></AD_ORG_ID>
<!--6B195958F9F511DDA9D6933492CF1D55-->  <ISACTIVE><![CDATA[Y]]></ISACTIVE>
<!--6B195958F9F511DDA9D6933492CF1D55-->  <NAME><![CDATA[Attribute Set Value]]></NAME>
<!--6B195958F9F511DDA9D6933492CF1D55-->  <DESCRIPTION><![CDATA[An attribute associated with a product as part of an attribute set.]]></DESCRIPTION>
<!--6B195958F9F511DDA9D6933492CF1D55-->  <ISCENTRALLYMAINTAINED><![CDATA[Y]]></ISCENTRALLYMAINTAINED>
<!--6B195958F9F511DDA9D6933492CF1D55-->  <AD_TAB_ID><![CDATA[1FF8BC8BCFFA416CA549C4C035A09D3F]]></AD_TAB_ID>
<!--6B195958F9F511DDA9D6933492CF1D55-->  <AD_COLUMN_ID><![CDATA[8472]]></AD_COLUMN_ID>
<!--6B195958F9F511DDA9D6933492CF1D55-->  <ISDISPLAYED><![CDATA[N]]></ISDISPLAYED>
<!--6B195958F9F511DDA9D6933492CF1D55-->  <DISPLAYLENGTH><![CDATA[32]]></DISPLAYLENGTH>
<!--6B195958F9F511DDA9D6933492CF1D55-->  <ISREADONLY><![CDATA[N]]></ISREADONLY>
<!--6B195958F9F511DDA9D6933492CF1D55-->  <SEQNO><![CDATA[0]]></SEQNO>
<!--6B195958F9F511DDA9D6933492CF1D55-->  <ISSAMELINE><![CDATA[N]]></ISSAMELINE>
<!--6B195958F9F511DDA9D6933492CF1D55-->  <ISFIELDONLY><![CDATA[N]]></ISFIELDONLY>
<!--6B195958F9F511DDA9D6933492CF1D55-->  <ISENCRYPTED><![CDATA[N]]></ISENCRYPTED>
<!--6B195958F9F511DDA9D6933492CF1D55-->  <SHOWINRELATION><![CDATA[N]]></SHOWINRELATION>
<!--6B195958F9F511DDA9D6933492CF1D55-->  <ISFIRSTFOCUSEDFIELD><![CDATA[N]]></ISFIRSTFOCUSEDFIELD>
<!--6B195958F9F511DDA9D6933492CF1D55-->  <AD_MODULE_ID><![CDATA[0882170B58C54D38879E252CCC56D053]]></AD_MODULE_ID>
<!--6B195958F9F511DDA9D6933492CF1D55--></AD_FIELD>

<!--6B198C98F9F511DD86BC43D93FB6A62E--><AD_FIELD>
<!--6B198C98F9F511DD86BC43D93FB6A62E-->  <AD_FIELD_ID><![CDATA[6B198C98F9F511DD86BC43D93FB6A62E]]></AD_FIELD_ID>
<!--6B198C98F9F511DD86BC43D93FB6A62E-->  <AD_CLIENT_ID><![CDATA[0]]></AD_CLIENT_ID>
<!--6B198C98F9F511DD86BC43D93FB6A62E-->  <AD_ORG_ID><![CDATA[0]]></AD_ORG_ID>
<!--6B198C98F9F511DD86BC43D93FB6A62E-->  <ISACTIVE><![CDATA[Y]]></ISACTIVE>
<!--6B198C98F9F511DD86BC43D93FB6A62E-->  <NAME><![CDATA[Expiration Date]]></NAME>
<!--6B198C98F9F511DD86BC43D93FB6A62E-->  <DESCRIPTION><![CDATA[The date upon which an item is guaranteed to be of good quality.]]></DESCRIPTION>
<!--6B198C98F9F511DD86BC43D93FB6A62E-->  <ISCENTRALLYMAINTAINED><![CDATA[Y]]></ISCENTRALLYMAINTAINED>
<!--6B198C98F9F511DD86BC43D93FB6A62E-->  <AD_TAB_ID><![CDATA[1FF8BC8BCFFA416CA549C4C035A09D3F]]></AD_TAB_ID>
<!--6B198C98F9F511DD86BC43D93FB6A62E-->  <AD_COLUMN_ID><![CDATA[8471]]></AD_COLUMN_ID>
<!--6B198C98F9F511DD86BC43D93FB6A62E-->  <ISDISPLAYED><![CDATA[Y]]></ISDISPLAYED>
<!--6B198C98F9F511DD86BC43D93FB6A62E-->  <DISPLAYLENGTH><![CDATA[10]]></DISPLAYLENGTH>
<!--6B198C98F9F511DD86BC43D93FB6A62E-->  <ISREADONLY><![CDATA[N]]></ISREADONLY>
<!--6B198C98F9F511DD86BC43D93FB6A62E-->  <SEQNO><![CDATA[0]]></SEQNO>
<!--6B198C98F9F511DD86BC43D93FB6A62E-->  <ISSAMELINE><![CDATA[N]]></ISSAMELINE>
<!--6B198C98F9F511DD86BC43D93FB6A62E-->  <ISFIELDONLY><![CDATA[N]]></ISFIELDONLY>
<!--6B198C98F9F511DD86BC43D93FB6A62E-->  <ISENCRYPTED><![CDATA[N]]></ISENCRYPTED>
<!--6B198C98F9F511DD86BC43D93FB6A62E-->  <SHOWINRELATION><![CDATA[Y]]></SHOWINRELATION>
<!--6B198C98F9F511DD86BC43D93FB6A62E-->  <ISFIRSTFOCUSEDFIELD><![CDATA[N]]></ISFIRSTFOCUSEDFIELD>
<!--6B198C98F9F511DD86BC43D93FB6A62E-->  <AD_MODULE_ID><![CDATA[0882170B58C54D38879E252CCC56D053]]></AD_MODULE_ID>
<!--6B198C98F9F511DD86BC43D93FB6A62E--></AD_FIELD>

<!--6B19BAD8F9F511DD94226B29EFF261A4--><AD_FIELD>
<!--6B19BAD8F9F511DD94226B29EFF261A4-->  <AD_FIELD_ID><![CDATA[6B19BAD8F9F511DD94226B29EFF261A4]]></AD_FIELD_ID>
<!--6B19BAD8F9F511DD94226B29EFF261A4-->  <AD_CLIENT_ID><![CDATA[0]]></AD_CLIENT_ID>
<!--6B19BAD8F9F511DD94226B29EFF261A4-->  <AD_ORG_ID><![CDATA[0]]></AD_ORG_ID>
<!--6B19BAD8F9F511DD94226B29EFF261A4-->  <ISACTIVE><![CDATA[Y]]></ISACTIVE>
<!--6B19BAD8F9F511DD94226B29EFF261A4-->  <NAME><![CDATA[Serial No.]]></NAME>
<!--6B19BAD8F9F511DD94226B29EFF261A4-->  <DESCRIPTION><![CDATA[An attribute used as a unique identifier for a product.]]></DESCRIPTION>
<!--6B19BAD8F9F511DD94226B29EFF261A4-->  <ISCENTRALLYMAINTAINED><![CDATA[Y]]></ISCENTRALLYMAINTAINED>
<!--6B19BAD8F9F511DD94226B29EFF261A4-->  <AD_TAB_ID><![CDATA[1FF8BC8BCFFA416CA549C4C035A09D3F]]></AD_TAB_ID>
<!--6B19BAD8F9F511DD94226B29EFF261A4-->  <AD_COLUMN_ID><![CDATA[8470]]></AD_COLUMN_ID>
<!--6B19BAD8F9F511DD94226B29EFF261A4-->  <ISDISPLAYED><![CDATA[Y]]></ISDISPLAYED>
<!--6B19BAD8F9F511DD94226B29EFF261A4-->  <DISPLAYLENGTH><![CDATA[20]]></DISPLAYLENGTH>
<!--6B19BAD8F9F511DD94226B29EFF261A4-->  <ISREADONLY><![CDATA[N]]></ISREADONLY>
<!--6B19BAD8F9F511DD94226B29EFF261A4-->  <SEQNO><![CDATA[0]]></SEQNO>
<!--6B19BAD8F9F511DD94226B29EFF261A4-->  <ISSAMELINE><![CDATA[N]]></ISSAMELINE>
<!--6B19BAD8F9F511DD94226B29EFF261A4-->  <ISFIELDONLY><![CDATA[N]]></ISFIELDONLY>
<!--6B19BAD8F9F511DD94226B29EFF261A4-->  <ISENCRYPTED><![CDATA[N]]></ISENCRYPTED>
<!--6B19BAD8F9F511DD94226B29EFF261A4-->  <SHOWINRELATION><![CDATA[Y]]></SHOWINRELATION>
<!--6B19BAD8F9F511DD94226B29EFF261A4-->  <ISFIRSTFOCUSEDFIELD><![CDATA[N]]></ISFIRSTFOCUSEDFIELD>
<!--6B19BAD8F9F511DD94226B29EFF261A4-->  <AD_MODULE_ID><![CDATA[0882170B58C54D38879E252CCC56D053]]></AD_MODULE_ID>
<!--6B19BAD8F9F511DD94226B29EFF261A4--></AD_FIELD>

</data>
