<?xml version="1.0" encoding="UTF-8"?>
<data>
<!--FF1A83A5D0134231BC4C05087F93A150--><AD_MODULE_DEPENDENCY>
<!--FF1A83A5D0134231BC4C05087F93A150-->  <AD_MODULE_DEPENDENCY_ID><![CDATA[FF1A83A5D0134231BC4C05087F93A150]]></AD_MODULE_DEPENDENCY_ID>
<!--FF1A83A5D0134231BC4C05087F93A150-->  <AD_CLIENT_ID><![CDATA[0]]></AD_CLIENT_ID>
<!--FF1A83A5D0134231BC4C05087F93A150-->  <AD_ORG_ID><![CDATA[0]]></AD_ORG_ID>
<!--FF1A83A5D0134231BC4C05087F93A150-->  <ISACTIVE><![CDATA[Y]]></ISACTIVE>
<!--FF1A83A5D0134231BC4C05087F93A150-->  <AD_MODULE_ID><![CDATA[0882170B58C54D38879E252CCC56D053]]></AD_MODULE_ID>
<!--FF1A83A5D0134231BC4C05087F93A150-->  <AD_DEPENDENT_MODULE_ID><![CDATA[0]]></AD_DEPENDENT_MODULE_ID>
<!--FF1A83A5D0134231BC4C05087F93A150-->  <STARTVERSION><![CDATA[2.50.10440]]></STARTVERSION>
<!--FF1A83A5D0134231BC4C05087F93A150-->  <ISINCLUDED><![CDATA[N]]></ISINCLUDED>
<!--FF1A83A5D0134231BC4C05087F93A150-->  <DEPENDANT_MODULE_NAME><![CDATA[core]]></DEPENDANT_MODULE_NAME>
<!--FF1A83A5D0134231BC4C05087F93A150--></AD_MODULE_DEPENDENCY>

</data>
