<?xml version="1.0" encoding="UTF-8"?>
<data>
<!--57B4CBD6F9F511DDB708F70ECEB2C9E2--><AD_MODEL_OBJECT_MAPPING>
<!--57B4CBD6F9F511DDB708F70ECEB2C9E2-->  <AD_MODEL_OBJECT_MAPPING_ID><![CDATA[57B4CBD6F9F511DDB708F70ECEB2C9E2]]></AD_MODEL_OBJECT_MAPPING_ID>
<!--57B4CBD6F9F511DDB708F70ECEB2C9E2-->  <AD_CLIENT_ID><![CDATA[0]]></AD_CLIENT_ID>
<!--57B4CBD6F9F511DDB708F70ECEB2C9E2-->  <AD_ORG_ID><![CDATA[0]]></AD_ORG_ID>
<!--57B4CBD6F9F511DDB708F70ECEB2C9E2-->  <ISACTIVE><![CDATA[Y]]></ISACTIVE>
<!--57B4CBD6F9F511DDB708F70ECEB2C9E2-->  <AD_MODEL_OBJECT_ID><![CDATA[57AC62FCF9F511DD9490EB4C8E12EEA0]]></AD_MODEL_OBJECT_ID>
<!--57B4CBD6F9F511DDB708F70ECEB2C9E2-->  <MAPPINGNAME><![CDATA[/org.openbravo.service.posPOSAuxiliarWindow/AttributeInstance_Relation.html]]></MAPPINGNAME>
<!--57B4CBD6F9F511DDB708F70ECEB2C9E2-->  <ISDEFAULT><![CDATA[Y]]></ISDEFAULT>
<!--57B4CBD6F9F511DDB708F70ECEB2C9E2--></AD_MODEL_OBJECT_MAPPING>

<!--57B64A56F9F511DD9DC0DF68B1E1E971--><AD_MODEL_OBJECT_MAPPING>
<!--57B64A56F9F511DD9DC0DF68B1E1E971-->  <AD_MODEL_OBJECT_MAPPING_ID><![CDATA[57B64A56F9F511DD9DC0DF68B1E1E971]]></AD_MODEL_OBJECT_MAPPING_ID>
<!--57B64A56F9F511DD9DC0DF68B1E1E971-->  <AD_CLIENT_ID><![CDATA[0]]></AD_CLIENT_ID>
<!--57B64A56F9F511DD9DC0DF68B1E1E971-->  <AD_ORG_ID><![CDATA[0]]></AD_ORG_ID>
<!--57B64A56F9F511DD9DC0DF68B1E1E971-->  <ISACTIVE><![CDATA[Y]]></ISACTIVE>
<!--57B64A56F9F511DD9DC0DF68B1E1E971-->  <AD_MODEL_OBJECT_ID><![CDATA[57AC62FCF9F511DD9490EB4C8E12EEA0]]></AD_MODEL_OBJECT_ID>
<!--57B64A56F9F511DD9DC0DF68B1E1E971-->  <MAPPINGNAME><![CDATA[/org.openbravo.service.posPOSAuxiliarWindow/AttributeInstance_Edition.html]]></MAPPINGNAME>
<!--57B64A56F9F511DD9DC0DF68B1E1E971-->  <ISDEFAULT><![CDATA[N]]></ISDEFAULT>
<!--57B64A56F9F511DD9DC0DF68B1E1E971--></AD_MODEL_OBJECT_MAPPING>

<!--57B66B8AF9F511DDB578AB43AD4E6184--><AD_MODEL_OBJECT_MAPPING>
<!--57B66B8AF9F511DDB578AB43AD4E6184-->  <AD_MODEL_OBJECT_MAPPING_ID><![CDATA[57B66B8AF9F511DDB578AB43AD4E6184]]></AD_MODEL_OBJECT_MAPPING_ID>
<!--57B66B8AF9F511DDB578AB43AD4E6184-->  <AD_CLIENT_ID><![CDATA[0]]></AD_CLIENT_ID>
<!--57B66B8AF9F511DDB578AB43AD4E6184-->  <AD_ORG_ID><![CDATA[0]]></AD_ORG_ID>
<!--57B66B8AF9F511DDB578AB43AD4E6184-->  <ISACTIVE><![CDATA[Y]]></ISACTIVE>
<!--57B66B8AF9F511DDB578AB43AD4E6184-->  <AD_MODEL_OBJECT_ID><![CDATA[57AC62FCF9F511DD9490EB4C8E12EEA0]]></AD_MODEL_OBJECT_ID>
<!--57B66B8AF9F511DDB578AB43AD4E6184-->  <MAPPINGNAME><![CDATA[/org.openbravo.service.posPOSAuxiliarWindow/AttributeInstance_Excel.xls]]></MAPPINGNAME>
<!--57B66B8AF9F511DDB578AB43AD4E6184-->  <ISDEFAULT><![CDATA[N]]></ISDEFAULT>
<!--57B66B8AF9F511DDB578AB43AD4E6184--></AD_MODEL_OBJECT_MAPPING>

<!--57B7B620F9F511DD92EC1F4605E40F57--><AD_MODEL_OBJECT_MAPPING>
<!--57B7B620F9F511DD92EC1F4605E40F57-->  <AD_MODEL_OBJECT_MAPPING_ID><![CDATA[57B7B620F9F511DD92EC1F4605E40F57]]></AD_MODEL_OBJECT_MAPPING_ID>
<!--57B7B620F9F511DD92EC1F4605E40F57-->  <AD_CLIENT_ID><![CDATA[0]]></AD_CLIENT_ID>
<!--57B7B620F9F511DD92EC1F4605E40F57-->  <AD_ORG_ID><![CDATA[0]]></AD_ORG_ID>
<!--57B7B620F9F511DD92EC1F4605E40F57-->  <ISACTIVE><![CDATA[Y]]></ISACTIVE>
<!--57B7B620F9F511DD92EC1F4605E40F57-->  <AD_MODEL_OBJECT_ID><![CDATA[57B6899EF9F511DDAC071BBDE617C8C4]]></AD_MODEL_OBJECT_ID>
<!--57B7B620F9F511DD92EC1F4605E40F57-->  <MAPPINGNAME><![CDATA[/ad_callouts/ComboReloadsDC4DED9EC3CD4533921CD0C309079712.html]]></MAPPINGNAME>
<!--57B7B620F9F511DD92EC1F4605E40F57-->  <ISDEFAULT><![CDATA[N]]></ISDEFAULT>
<!--57B7B620F9F511DD92EC1F4605E40F57--></AD_MODEL_OBJECT_MAPPING>

<!--682BF822F9F511DDB36FE7821ED2A63C--><AD_MODEL_OBJECT_MAPPING>
<!--682BF822F9F511DDB36FE7821ED2A63C-->  <AD_MODEL_OBJECT_MAPPING_ID><![CDATA[682BF822F9F511DDB36FE7821ED2A63C]]></AD_MODEL_OBJECT_MAPPING_ID>
<!--682BF822F9F511DDB36FE7821ED2A63C-->  <AD_CLIENT_ID><![CDATA[0]]></AD_CLIENT_ID>
<!--682BF822F9F511DDB36FE7821ED2A63C-->  <AD_ORG_ID><![CDATA[0]]></AD_ORG_ID>
<!--682BF822F9F511DDB36FE7821ED2A63C-->  <ISACTIVE><![CDATA[Y]]></ISACTIVE>
<!--682BF822F9F511DDB36FE7821ED2A63C-->  <AD_MODEL_OBJECT_ID><![CDATA[682B9472F9F511DD9F2B47EA1ECAA276]]></AD_MODEL_OBJECT_ID>
<!--682BF822F9F511DDB36FE7821ED2A63C-->  <MAPPINGNAME><![CDATA[/org.openbravo.service.posPOSAuxiliarWindow/AttributeSetInstance_Relation.html]]></MAPPINGNAME>
<!--682BF822F9F511DDB36FE7821ED2A63C-->  <ISDEFAULT><![CDATA[Y]]></ISDEFAULT>
<!--682BF822F9F511DDB36FE7821ED2A63C--></AD_MODEL_OBJECT_MAPPING>

<!--682C3F08F9F511DD958C638B1AB2384D--><AD_MODEL_OBJECT_MAPPING>
<!--682C3F08F9F511DD958C638B1AB2384D-->  <AD_MODEL_OBJECT_MAPPING_ID><![CDATA[682C3F08F9F511DD958C638B1AB2384D]]></AD_MODEL_OBJECT_MAPPING_ID>
<!--682C3F08F9F511DD958C638B1AB2384D-->  <AD_CLIENT_ID><![CDATA[0]]></AD_CLIENT_ID>
<!--682C3F08F9F511DD958C638B1AB2384D-->  <AD_ORG_ID><![CDATA[0]]></AD_ORG_ID>
<!--682C3F08F9F511DD958C638B1AB2384D-->  <ISACTIVE><![CDATA[Y]]></ISACTIVE>
<!--682C3F08F9F511DD958C638B1AB2384D-->  <AD_MODEL_OBJECT_ID><![CDATA[682B9472F9F511DD9F2B47EA1ECAA276]]></AD_MODEL_OBJECT_ID>
<!--682C3F08F9F511DD958C638B1AB2384D-->  <MAPPINGNAME><![CDATA[/org.openbravo.service.posPOSAuxiliarWindow/AttributeSetInstance_Edition.html]]></MAPPINGNAME>
<!--682C3F08F9F511DD958C638B1AB2384D-->  <ISDEFAULT><![CDATA[N]]></ISDEFAULT>
<!--682C3F08F9F511DD958C638B1AB2384D--></AD_MODEL_OBJECT_MAPPING>

<!--682C5BE6F9F511DDAD74F306C1EFA02B--><AD_MODEL_OBJECT_MAPPING>
<!--682C5BE6F9F511DDAD74F306C1EFA02B-->  <AD_MODEL_OBJECT_MAPPING_ID><![CDATA[682C5BE6F9F511DDAD74F306C1EFA02B]]></AD_MODEL_OBJECT_MAPPING_ID>
<!--682C5BE6F9F511DDAD74F306C1EFA02B-->  <AD_CLIENT_ID><![CDATA[0]]></AD_CLIENT_ID>
<!--682C5BE6F9F511DDAD74F306C1EFA02B-->  <AD_ORG_ID><![CDATA[0]]></AD_ORG_ID>
<!--682C5BE6F9F511DDAD74F306C1EFA02B-->  <ISACTIVE><![CDATA[Y]]></ISACTIVE>
<!--682C5BE6F9F511DDAD74F306C1EFA02B-->  <AD_MODEL_OBJECT_ID><![CDATA[682B9472F9F511DD9F2B47EA1ECAA276]]></AD_MODEL_OBJECT_ID>
<!--682C5BE6F9F511DDAD74F306C1EFA02B-->  <MAPPINGNAME><![CDATA[/org.openbravo.service.posPOSAuxiliarWindow/AttributeSetInstance_Excel.xls]]></MAPPINGNAME>
<!--682C5BE6F9F511DDAD74F306C1EFA02B-->  <ISDEFAULT><![CDATA[N]]></ISDEFAULT>
<!--682C5BE6F9F511DDAD74F306C1EFA02B--></AD_MODEL_OBJECT_MAPPING>

<!--682E5F90F9F511DDA5A66BC214385BC7--><AD_MODEL_OBJECT_MAPPING>
<!--682E5F90F9F511DDA5A66BC214385BC7-->  <AD_MODEL_OBJECT_MAPPING_ID><![CDATA[682E5F90F9F511DDA5A66BC214385BC7]]></AD_MODEL_OBJECT_MAPPING_ID>
<!--682E5F90F9F511DDA5A66BC214385BC7-->  <AD_CLIENT_ID><![CDATA[0]]></AD_CLIENT_ID>
<!--682E5F90F9F511DDA5A66BC214385BC7-->  <AD_ORG_ID><![CDATA[0]]></AD_ORG_ID>
<!--682E5F90F9F511DDA5A66BC214385BC7-->  <ISACTIVE><![CDATA[Y]]></ISACTIVE>
<!--682E5F90F9F511DDA5A66BC214385BC7-->  <AD_MODEL_OBJECT_ID><![CDATA[682C78D8F9F511DDBA3E93D9E7549FA6]]></AD_MODEL_OBJECT_ID>
<!--682E5F90F9F511DDA5A66BC214385BC7-->  <MAPPINGNAME><![CDATA[/ad_callouts/ComboReloads1FF8BC8BCFFA416CA549C4C035A09D3F.html]]></MAPPINGNAME>
<!--682E5F90F9F511DDA5A66BC214385BC7-->  <ISDEFAULT><![CDATA[N]]></ISDEFAULT>
<!--682E5F90F9F511DDA5A66BC214385BC7--></AD_MODEL_OBJECT_MAPPING>

</data>
