<?xml version="1.0" encoding="UTF-8"?>
<data>
<!--0882170B58C54D38879E252CCC56D053--><AD_MODULE>
<!--0882170B58C54D38879E252CCC56D053-->  <AD_MODULE_ID><![CDATA[0882170B58C54D38879E252CCC56D053]]></AD_MODULE_ID>
<!--0882170B58C54D38879E252CCC56D053-->  <AD_CLIENT_ID><![CDATA[0]]></AD_CLIENT_ID>
<!--0882170B58C54D38879E252CCC56D053-->  <AD_ORG_ID><![CDATA[0]]></AD_ORG_ID>
<!--0882170B58C54D38879E252CCC56D053-->  <ISACTIVE><![CDATA[Y]]></ISACTIVE>
<!--0882170B58C54D38879E252CCC56D053-->  <NAME><![CDATA[POS Synchronization WebService]]></NAME>
<!--0882170B58C54D38879E252CCC56D053-->  <VERSION><![CDATA[1.0.0]]></VERSION>
<!--0882170B58C54D38879E252CCC56D053-->  <DESCRIPTION><![CDATA[Openbravo POS and ERP synchronization webservice]]></DESCRIPTION>
<!--0882170B58C54D38879E252CCC56D053-->  <HELP><![CDATA[This webservice must be installed to run synchronization process]]></HELP>
<!--0882170B58C54D38879E252CCC56D053-->  <URL><![CDATA[www.openbravo.com]]></URL>
<!--0882170B58C54D38879E252CCC56D053-->  <TYPE><![CDATA[M]]></TYPE>
<!--0882170B58C54D38879E252CCC56D053-->  <LICENSE><![CDATA[The Openbravo public License Version 1.1 ("OBPL") consists of the Mozilla Public License Version 1.1, modified to be specific to Openbravo, with the Additional Terms in Exhibit B. The original Mozilla Public License 1.1 can be found at: http://www.mozilla.org/MPL/MPL-1.1.html]]></LICENSE>
<!--0882170B58C54D38879E252CCC56D053-->  <JAVAPACKAGE><![CDATA[org.openbravo.service.pos]]></JAVAPACKAGE>
<!--0882170B58C54D38879E252CCC56D053-->  <LICENSETYPE><![CDATA[OBPL]]></LICENSETYPE>
<!--0882170B58C54D38879E252CCC56D053-->  <AUTHOR><![CDATA[Openbravo S.L. (Mikel Irurita)]]></AUTHOR>
<!--0882170B58C54D38879E252CCC56D053-->  <ISTRANSLATIONREQUIRED><![CDATA[Y]]></ISTRANSLATIONREQUIRED>
<!--0882170B58C54D38879E252CCC56D053-->  <AD_LANGUAGE><![CDATA[en_US]]></AD_LANGUAGE>
<!--0882170B58C54D38879E252CCC56D053-->  <HASCHARTOFACCOUNTS><![CDATA[N]]></HASCHARTOFACCOUNTS>
<!--0882170B58C54D38879E252CCC56D053-->  <ISTRANSLATIONMODULE><![CDATA[N]]></ISTRANSLATIONMODULE>
<!--0882170B58C54D38879E252CCC56D053-->  <HASREFERENCEDATA><![CDATA[N]]></HASREFERENCEDATA>
<!--0882170B58C54D38879E252CCC56D053--></AD_MODULE>

</data>
