<?xml version="1.0" encoding="UTF-8"?>
<data>
<!--57AC62FCF9F511DD9490EB4C8E12EEA0--><AD_MODEL_OBJECT>
<!--57AC62FCF9F511DD9490EB4C8E12EEA0-->  <AD_MODEL_OBJECT_ID><![CDATA[57AC62FCF9F511DD9490EB4C8E12EEA0]]></AD_MODEL_OBJECT_ID>
<!--57AC62FCF9F511DD9490EB4C8E12EEA0-->  <AD_CLIENT_ID><![CDATA[0]]></AD_CLIENT_ID>
<!--57AC62FCF9F511DD9490EB4C8E12EEA0-->  <AD_ORG_ID><![CDATA[0]]></AD_ORG_ID>
<!--57AC62FCF9F511DD9490EB4C8E12EEA0-->  <ISACTIVE><![CDATA[Y]]></ISACTIVE>
<!--57AC62FCF9F511DD9490EB4C8E12EEA0-->  <ACTION><![CDATA[W]]></ACTION>
<!--57AC62FCF9F511DD9490EB4C8E12EEA0-->  <AD_TAB_ID><![CDATA[DC4DED9EC3CD4533921CD0C309079712]]></AD_TAB_ID>
<!--57AC62FCF9F511DD9490EB4C8E12EEA0-->  <CLASSNAME><![CDATA[org.openbravo.erpWindows.org.openbravo.service.pos.POSAuxiliarWindow.AttributeInstance]]></CLASSNAME>
<!--57AC62FCF9F511DD9490EB4C8E12EEA0-->  <ISDEFAULT><![CDATA[Y]]></ISDEFAULT>
<!--57AC62FCF9F511DD9490EB4C8E12EEA0-->  <OBJECT_TYPE><![CDATA[S]]></OBJECT_TYPE>
<!--57AC62FCF9F511DD9490EB4C8E12EEA0--></AD_MODEL_OBJECT>

<!--57B6899EF9F511DDAC071BBDE617C8C4--><AD_MODEL_OBJECT>
<!--57B6899EF9F511DDAC071BBDE617C8C4-->  <AD_MODEL_OBJECT_ID><![CDATA[57B6899EF9F511DDAC071BBDE617C8C4]]></AD_MODEL_OBJECT_ID>
<!--57B6899EF9F511DDAC071BBDE617C8C4-->  <AD_CLIENT_ID><![CDATA[0]]></AD_CLIENT_ID>
<!--57B6899EF9F511DDAC071BBDE617C8C4-->  <AD_ORG_ID><![CDATA[0]]></AD_ORG_ID>
<!--57B6899EF9F511DDAC071BBDE617C8C4-->  <ISACTIVE><![CDATA[Y]]></ISACTIVE>
<!--57B6899EF9F511DDAC071BBDE617C8C4-->  <ACTION><![CDATA[W]]></ACTION>
<!--57B6899EF9F511DDAC071BBDE617C8C4-->  <AD_TAB_ID><![CDATA[DC4DED9EC3CD4533921CD0C309079712]]></AD_TAB_ID>
<!--57B6899EF9F511DDAC071BBDE617C8C4-->  <CLASSNAME><![CDATA[org.openbravo.erpCommon.ad_callouts.ComboReloadsDC4DED9EC3CD4533921CD0C309079712]]></CLASSNAME>
<!--57B6899EF9F511DDAC071BBDE617C8C4-->  <ISDEFAULT><![CDATA[N]]></ISDEFAULT>
<!--57B6899EF9F511DDAC071BBDE617C8C4-->  <OBJECT_TYPE><![CDATA[S]]></OBJECT_TYPE>
<!--57B6899EF9F511DDAC071BBDE617C8C4--></AD_MODEL_OBJECT>

<!--682B9472F9F511DD9F2B47EA1ECAA276--><AD_MODEL_OBJECT>
<!--682B9472F9F511DD9F2B47EA1ECAA276-->  <AD_MODEL_OBJECT_ID><![CDATA[682B9472F9F511DD9F2B47EA1ECAA276]]></AD_MODEL_OBJECT_ID>
<!--682B9472F9F511DD9F2B47EA1ECAA276-->  <AD_CLIENT_ID><![CDATA[0]]></AD_CLIENT_ID>
<!--682B9472F9F511DD9F2B47EA1ECAA276-->  <AD_ORG_ID><![CDATA[0]]></AD_ORG_ID>
<!--682B9472F9F511DD9F2B47EA1ECAA276-->  <ISACTIVE><![CDATA[Y]]></ISACTIVE>
<!--682B9472F9F511DD9F2B47EA1ECAA276-->  <ACTION><![CDATA[W]]></ACTION>
<!--682B9472F9F511DD9F2B47EA1ECAA276-->  <AD_TAB_ID><![CDATA[1FF8BC8BCFFA416CA549C4C035A09D3F]]></AD_TAB_ID>
<!--682B9472F9F511DD9F2B47EA1ECAA276-->  <CLASSNAME><![CDATA[org.openbravo.erpWindows.org.openbravo.service.pos.POSAuxiliarWindow.AttributeSetInstance]]></CLASSNAME>
<!--682B9472F9F511DD9F2B47EA1ECAA276-->  <ISDEFAULT><![CDATA[Y]]></ISDEFAULT>
<!--682B9472F9F511DD9F2B47EA1ECAA276-->  <OBJECT_TYPE><![CDATA[S]]></OBJECT_TYPE>
<!--682B9472F9F511DD9F2B47EA1ECAA276--></AD_MODEL_OBJECT>

<!--682C78D8F9F511DDBA3E93D9E7549FA6--><AD_MODEL_OBJECT>
<!--682C78D8F9F511DDBA3E93D9E7549FA6-->  <AD_MODEL_OBJECT_ID><![CDATA[682C78D8F9F511DDBA3E93D9E7549FA6]]></AD_MODEL_OBJECT_ID>
<!--682C78D8F9F511DDBA3E93D9E7549FA6-->  <AD_CLIENT_ID><![CDATA[0]]></AD_CLIENT_ID>
<!--682C78D8F9F511DDBA3E93D9E7549FA6-->  <AD_ORG_ID><![CDATA[0]]></AD_ORG_ID>
<!--682C78D8F9F511DDBA3E93D9E7549FA6-->  <ISACTIVE><![CDATA[Y]]></ISACTIVE>
<!--682C78D8F9F511DDBA3E93D9E7549FA6-->  <ACTION><![CDATA[W]]></ACTION>
<!--682C78D8F9F511DDBA3E93D9E7549FA6-->  <AD_TAB_ID><![CDATA[1FF8BC8BCFFA416CA549C4C035A09D3F]]></AD_TAB_ID>
<!--682C78D8F9F511DDBA3E93D9E7549FA6-->  <CLASSNAME><![CDATA[org.openbravo.erpCommon.ad_callouts.ComboReloads1FF8BC8BCFFA416CA549C4C035A09D3F]]></CLASSNAME>
<!--682C78D8F9F511DDBA3E93D9E7549FA6-->  <ISDEFAULT><![CDATA[N]]></ISDEFAULT>
<!--682C78D8F9F511DDBA3E93D9E7549FA6-->  <OBJECT_TYPE><![CDATA[S]]></OBJECT_TYPE>
<!--682C78D8F9F511DDBA3E93D9E7549FA6--></AD_MODEL_OBJECT>

</data>
