<?xml version="1.0" encoding="UTF-8"?>
<data>
<!--E6F0A4C2F82A4B3EBED2415944FA63CD--><AD_MODULE_DBPREFIX>
<!--E6F0A4C2F82A4B3EBED2415944FA63CD-->  <AD_MODULE_DBPREFIX_ID><![CDATA[E6F0A4C2F82A4B3EBED2415944FA63CD]]></AD_MODULE_DBPREFIX_ID>
<!--E6F0A4C2F82A4B3EBED2415944FA63CD-->  <AD_CLIENT_ID><![CDATA[0]]></AD_CLIENT_ID>
<!--E6F0A4C2F82A4B3EBED2415944FA63CD-->  <AD_ORG_ID><![CDATA[0]]></AD_ORG_ID>
<!--E6F0A4C2F82A4B3EBED2415944FA63CD-->  <ISACTIVE><![CDATA[Y]]></ISACTIVE>
<!--E6F0A4C2F82A4B3EBED2415944FA63CD-->  <AD_MODULE_ID><![CDATA[0882170B58C54D38879E252CCC56D053]]></AD_MODULE_ID>
<!--E6F0A4C2F82A4B3EBED2415944FA63CD-->  <NAME><![CDATA[POS_WS2]]></NAME>
<!--E6F0A4C2F82A4B3EBED2415944FA63CD--></AD_MODULE_DBPREFIX>

</data>
