<?xml version="1.0" encoding="UTF-8"?>
<data>
<!--C4F6F385FB09489AA3D5EE069B43D8E0--><AD_PACKAGE>
<!--C4F6F385FB09489AA3D5EE069B43D8E0-->  <AD_PACKAGE_ID><![CDATA[C4F6F385FB09489AA3D5EE069B43D8E0]]></AD_PACKAGE_ID>
<!--C4F6F385FB09489AA3D5EE069B43D8E0-->  <AD_CLIENT_ID><![CDATA[0]]></AD_CLIENT_ID>
<!--C4F6F385FB09489AA3D5EE069B43D8E0-->  <AD_ORG_ID><![CDATA[0]]></AD_ORG_ID>
<!--C4F6F385FB09489AA3D5EE069B43D8E0-->  <NAME><![CDATA[org.openbravo.service.pos]]></NAME>
<!--C4F6F385FB09489AA3D5EE069B43D8E0-->  <DESCRIPTION><![CDATA[Package POS Synchronization]]></DESCRIPTION>
<!--C4F6F385FB09489AA3D5EE069B43D8E0-->  <JAVAPACKAGE><![CDATA[org.openbravo.service.pos]]></JAVAPACKAGE>
<!--C4F6F385FB09489AA3D5EE069B43D8E0-->  <AD_MODULE_ID><![CDATA[0882170B58C54D38879E252CCC56D053]]></AD_MODULE_ID>
<!--C4F6F385FB09489AA3D5EE069B43D8E0-->  <ISACTIVE><![CDATA[Y]]></ISACTIVE>
<!--C4F6F385FB09489AA3D5EE069B43D8E0--></AD_PACKAGE>

</data>
