<?xml version="1.0" encoding="UTF-8"?>
<data>
<!--1FF8BC8BCFFA416CA549C4C035A09D3F--><AD_TAB>
<!--1FF8BC8BCFFA416CA549C4C035A09D3F-->  <AD_TAB_ID><![CDATA[1FF8BC8BCFFA416CA549C4C035A09D3F]]></AD_TAB_ID>
<!--1FF8BC8BCFFA416CA549C4C035A09D3F-->  <AD_CLIENT_ID><![CDATA[0]]></AD_CLIENT_ID>
<!--1FF8BC8BCFFA416CA549C4C035A09D3F-->  <AD_ORG_ID><![CDATA[0]]></AD_ORG_ID>
<!--1FF8BC8BCFFA416CA549C4C035A09D3F-->  <ISACTIVE><![CDATA[Y]]></ISACTIVE>
<!--1FF8BC8BCFFA416CA549C4C035A09D3F-->  <NAME><![CDATA[AttributeSetInstance]]></NAME>
<!--1FF8BC8BCFFA416CA549C4C035A09D3F-->  <DESCRIPTION><![CDATA[AttributeSetInstance]]></DESCRIPTION>
<!--1FF8BC8BCFFA416CA549C4C035A09D3F-->  <AD_TABLE_ID><![CDATA[559]]></AD_TABLE_ID>
<!--1FF8BC8BCFFA416CA549C4C035A09D3F-->  <AD_WINDOW_ID><![CDATA[BBF134FD75D541D59D042B889CA6D0C7]]></AD_WINDOW_ID>
<!--1FF8BC8BCFFA416CA549C4C035A09D3F-->  <SEQNO><![CDATA[20]]></SEQNO>
<!--1FF8BC8BCFFA416CA549C4C035A09D3F-->  <TABLEVEL><![CDATA[0]]></TABLEVEL>
<!--1FF8BC8BCFFA416CA549C4C035A09D3F-->  <ISSINGLEROW><![CDATA[N]]></ISSINGLEROW>
<!--1FF8BC8BCFFA416CA549C4C035A09D3F-->  <ISINFOTAB><![CDATA[N]]></ISINFOTAB>
<!--1FF8BC8BCFFA416CA549C4C035A09D3F-->  <ISTRANSLATIONTAB><![CDATA[N]]></ISTRANSLATIONTAB>
<!--1FF8BC8BCFFA416CA549C4C035A09D3F-->  <ISREADONLY><![CDATA[N]]></ISREADONLY>
<!--1FF8BC8BCFFA416CA549C4C035A09D3F-->  <HASTREE><![CDATA[N]]></HASTREE>
<!--1FF8BC8BCFFA416CA549C4C035A09D3F-->  <PROCESSING><![CDATA[N]]></PROCESSING>
<!--1FF8BC8BCFFA416CA549C4C035A09D3F-->  <IMPORTFIELDS><![CDATA[N]]></IMPORTFIELDS>
<!--1FF8BC8BCFFA416CA549C4C035A09D3F-->  <ISSORTTAB><![CDATA[N]]></ISSORTTAB>
<!--1FF8BC8BCFFA416CA549C4C035A09D3F-->  <AD_MODULE_ID><![CDATA[0882170B58C54D38879E252CCC56D053]]></AD_MODULE_ID>
<!--1FF8BC8BCFFA416CA549C4C035A09D3F--></AD_TAB>

<!--DC4DED9EC3CD4533921CD0C309079712--><AD_TAB>
<!--DC4DED9EC3CD4533921CD0C309079712-->  <AD_TAB_ID><![CDATA[DC4DED9EC3CD4533921CD0C309079712]]></AD_TAB_ID>
<!--DC4DED9EC3CD4533921CD0C309079712-->  <AD_CLIENT_ID><![CDATA[0]]></AD_CLIENT_ID>
<!--DC4DED9EC3CD4533921CD0C309079712-->  <AD_ORG_ID><![CDATA[0]]></AD_ORG_ID>
<!--DC4DED9EC3CD4533921CD0C309079712-->  <ISACTIVE><![CDATA[Y]]></ISACTIVE>
<!--DC4DED9EC3CD4533921CD0C309079712-->  <NAME><![CDATA[AttributeInstance]]></NAME>
<!--DC4DED9EC3CD4533921CD0C309079712-->  <DESCRIPTION><![CDATA[AttributeInstance]]></DESCRIPTION>
<!--DC4DED9EC3CD4533921CD0C309079712-->  <AD_TABLE_ID><![CDATA[561]]></AD_TABLE_ID>
<!--DC4DED9EC3CD4533921CD0C309079712-->  <AD_WINDOW_ID><![CDATA[BBF134FD75D541D59D042B889CA6D0C7]]></AD_WINDOW_ID>
<!--DC4DED9EC3CD4533921CD0C309079712-->  <SEQNO><![CDATA[10]]></SEQNO>
<!--DC4DED9EC3CD4533921CD0C309079712-->  <TABLEVEL><![CDATA[0]]></TABLEVEL>
<!--DC4DED9EC3CD4533921CD0C309079712-->  <ISSINGLEROW><![CDATA[N]]></ISSINGLEROW>
<!--DC4DED9EC3CD4533921CD0C309079712-->  <ISINFOTAB><![CDATA[N]]></ISINFOTAB>
<!--DC4DED9EC3CD4533921CD0C309079712-->  <ISTRANSLATIONTAB><![CDATA[N]]></ISTRANSLATIONTAB>
<!--DC4DED9EC3CD4533921CD0C309079712-->  <ISREADONLY><![CDATA[N]]></ISREADONLY>
<!--DC4DED9EC3CD4533921CD0C309079712-->  <HASTREE><![CDATA[N]]></HASTREE>
<!--DC4DED9EC3CD4533921CD0C309079712-->  <PROCESSING><![CDATA[N]]></PROCESSING>
<!--DC4DED9EC3CD4533921CD0C309079712-->  <IMPORTFIELDS><![CDATA[N]]></IMPORTFIELDS>
<!--DC4DED9EC3CD4533921CD0C309079712-->  <ISSORTTAB><![CDATA[N]]></ISSORTTAB>
<!--DC4DED9EC3CD4533921CD0C309079712-->  <AD_MODULE_ID><![CDATA[0882170B58C54D38879E252CCC56D053]]></AD_MODULE_ID>
<!--DC4DED9EC3CD4533921CD0C309079712--></AD_TAB>

</data>
