<?xml version="1.0" encoding="UTF-8"?>
<data>
<!--BBF134FD75D541D59D042B889CA6D0C7--><AD_WINDOW>
<!--BBF134FD75D541D59D042B889CA6D0C7-->  <AD_WINDOW_ID><![CDATA[BBF134FD75D541D59D042B889CA6D0C7]]></AD_WINDOW_ID>
<!--BBF134FD75D541D59D042B889CA6D0C7-->  <AD_CLIENT_ID><![CDATA[0]]></AD_CLIENT_ID>
<!--BBF134FD75D541D59D042B889CA6D0C7-->  <AD_ORG_ID><![CDATA[0]]></AD_ORG_ID>
<!--BBF134FD75D541D59D042B889CA6D0C7-->  <ISACTIVE><![CDATA[Y]]></ISACTIVE>
<!--BBF134FD75D541D59D042B889CA6D0C7-->  <NAME><![CDATA[POS Auxiliar Window]]></NAME>
<!--BBF134FD75D541D59D042B889CA6D0C7-->  <DESCRIPTION><![CDATA[This window is required to allow accessing data into AttributeInstance and AttributeSetInstance tables.]]></DESCRIPTION>
<!--BBF134FD75D541D59D042B889CA6D0C7-->  <WINDOWTYPE><![CDATA[M]]></WINDOWTYPE>
<!--BBF134FD75D541D59D042B889CA6D0C7-->  <ISSOTRX><![CDATA[Y]]></ISSOTRX>
<!--BBF134FD75D541D59D042B889CA6D0C7-->  <PROCESSING><![CDATA[N]]></PROCESSING>
<!--BBF134FD75D541D59D042B889CA6D0C7-->  <ISDEFAULT><![CDATA[N]]></ISDEFAULT>
<!--BBF134FD75D541D59D042B889CA6D0C7-->  <AD_MODULE_ID><![CDATA[0882170B58C54D38879E252CCC56D053]]></AD_MODULE_ID>
<!--BBF134FD75D541D59D042B889CA6D0C7--></AD_WINDOW>

</data>
